[
  {"flightId":"TXCA-001","origin":"Dallas","destination":"Los Angeles","departureDate":"2024-09-01","arrivalDate":"2024-09-01","departureTime":"08:00","arrivalTime":"10:30","availableSeats":9,"price":180},
  {"flightId":"TXCA-002","origin":"Dallas","destination":"Los Angeles","departureDate":"2024-09-02","arrivalDate":"2024-09-02","departureTime":"12:00","arrivalTime":"14:30","availableSeats":12,"price":200},
  {"flightId":"TXCA-003","origin":"Dallas","destination":"Los Angeles","departureDate":"2024-09-03","arrivalDate":"2024-09-03","departureTime":"18:00","arrivalTime":"20:30","availableSeats":5,"price":220},
  {"flightId":"TXCA-004","origin":"Dallas","destination":"San Diego","departureDate":"2024-09-01","arrivalDate":"2024-09-01","departureTime":"09:00","arrivalTime":"11:15","availableSeats":15,"price":170},
  {"flightId":"TXCA-005","origin":"Houston","destination":"Los Angeles","departureDate":"2024-09-01","arrivalDate":"2024-09-01","departureTime":"07:30","arrivalTime":"10:05","availableSeats":8,"price":190},
  {"flightId":"TXCA-006","origin":"Houston","destination":"San Jose","departureDate":"2024-09-02","arrivalDate":"2024-09-02","departureTime":"13:20","arrivalTime":"15:55","availableSeats":11,"price":210},
  {"flightId":"TXCA-007","origin":"Austin","destination":"San Francisco","departureDate":"2024-09-04","arrivalDate":"2024-09-04","departureTime":"06:45","arrivalTime":"09:20","availableSeats":10,"price":205},
  {"flightId":"TXCA-008","origin":"Austin","destination":"San Francisco","departureDate":"2024-09-05","arrivalDate":"2024-09-05","departureTime":"16:10","arrivalTime":"18:45","availableSeats":14,"price":215},
  {"flightId":"TXCA-008B","origin":"Houston","destination":"San Francisco","departureDate":"2024-09-05","arrivalDate":"2024-09-05","departureTime":"10:30","arrivalTime":"13:05","availableSeats":15,"price":225},
  {"flightId":"TXCA-009","origin":"San Antonio","destination":"Sacramento","departureDate":"2024-09-10","arrivalDate":"2024-09-10","departureTime":"11:00","arrivalTime":"13:40","availableSeats":9,"price":230},
  {"flightId":"CATX-001","origin":"San Francisco","destination":"Houston","departureDate":"2024-09-10","arrivalDate":"2024-09-10","departureTime":"14:00","arrivalTime":"18:30","availableSeats":12,"price":230},
  {"flightId":"TXCA-010","origin":"El Paso","destination":"San Diego","departureDate":"2024-09-12","arrivalDate":"2024-09-12","departureTime":"10:30","arrivalTime":"12:50","availableSeats":7,"price":175},
  {"flightId":"TXCA-011","origin":"Dallas","destination":"Los Angeles","departureDate":"2024-09-15","arrivalDate":"2024-09-15","departureTime":"08:30","arrivalTime":"11:00","availableSeats":10,"price":195},
  {"flightId":"TXCA-012","origin":"Dallas","destination":"San Jose","departureDate":"2024-09-18","arrivalDate":"2024-09-18","departureTime":"14:00","arrivalTime":"16:35","availableSeats":16,"price":225},
  {"flightId":"TXCA-013","origin":"Houston","destination":"San Francisco","departureDate":"2024-09-20","arrivalDate":"2024-09-20","departureTime":"09:15","arrivalTime":"11:45","availableSeats":6,"price":240},
  {"flightId":"CATX-002","origin":"San Francisco","destination":"Houston","departureDate":"2024-09-20","arrivalDate":"2024-09-20","departureTime":"15:00","arrivalTime":"19:30","availableSeats":10,"price":235},
  {"flightId":"TXCA-014","origin":"Austin","destination":"Los Angeles","departureDate":"2024-09-22","arrivalDate":"2024-09-22","departureTime":"19:00","arrivalTime":"21:25","availableSeats":18,"price":185},
  {"flightId":"CATX-003","origin":"Los Angeles","destination":"Austin","departureDate":"2024-09-22","arrivalDate":"2024-09-22","departureTime":"22:30","arrivalTime":"01:15","availableSeats":14,"price":190},
  {"flightId":"TXCA-015","origin":"San Antonio","destination":"San Diego","departureDate":"2024-09-25","arrivalDate":"2024-09-25","departureTime":"07:50","arrivalTime":"10:05","availableSeats":9,"price":170},
  {"flightId":"TXCA-016","origin":"Dallas","destination":"Sacramento","departureDate":"2024-09-28","arrivalDate":"2024-09-28","departureTime":"06:20","arrivalTime":"08:55","availableSeats":12,"price":210},
  {"flightId":"TXCA-017","origin":"Houston","destination":"San Diego","departureDate":"2024-10-01","arrivalDate":"2024-10-01","departureTime":"08:10","arrivalTime":"10:40","availableSeats":9,"price":200},
  {"flightId":"TXCA-018","origin":"Austin","destination":"Los Angeles","departureDate":"2024-10-03","arrivalDate":"2024-10-03","departureTime":"13:45","arrivalTime":"16:10","availableSeats":15,"price":205},
  {"flightId":"TXCA-019","origin":"San Antonio","destination":"San Jose","departureDate":"2024-10-05","arrivalDate":"2024-10-05","departureTime":"17:30","arrivalTime":"20:05","availableSeats":10,"price":220},
  {"flightId":"TXCA-020","origin":"El Paso","destination":"Los Angeles","departureDate":"2024-10-07","arrivalDate":"2024-10-07","departureTime":"12:00","arrivalTime":"14:20","availableSeats":8,"price":180},
  {"flightId":"TXCA-021","origin":"Dallas","destination":"San Francisco","departureDate":"2024-10-09","arrivalDate":"2024-10-09","departureTime":"09:00","arrivalTime":"11:35","availableSeats":13,"price":230},
  {"flightId":"CATX-004","origin":"San Francisco","destination":"Dallas","departureDate":"2024-10-09","arrivalDate":"2024-10-09","departureTime":"13:00","arrivalTime":"17:25","availableSeats":11,"price":225},
  {"flightId":"TXCA-022","origin":"Houston","destination":"Sacramento","departureDate":"2024-10-11","arrivalDate":"2024-10-11","departureTime":"15:20","arrivalTime":"17:55","availableSeats":11,"price":215},
  {"flightId":"CATX-005","origin":"Sacramento","destination":"Houston","departureDate":"2024-10-11","arrivalDate":"2024-10-11","departureTime":"19:00","arrivalTime":"23:20","availableSeats":9,"price":220},
  {"flightId":"TXCA-023","origin":"Austin","destination":"San Diego","departureDate":"2024-10-13","arrivalDate":"2024-10-13","departureTime":"07:00","arrivalTime":"09:25","availableSeats":10,"price":190},
  {"flightId":"TXCA-024","origin":"San Antonio","destination":"Los Angeles","departureDate":"2024-10-15","arrivalDate":"2024-10-15","departureTime":"18:10","arrivalTime":"20:35","availableSeats":9,"price":210},
  {"flightId":"TXCA-025","origin":"El Paso","destination":"San Jose","departureDate":"2024-10-17","arrivalDate":"2024-10-17","departureTime":"06:30","arrivalTime":"08:55","availableSeats":7,"price":220},
  {"flightId":"TXCA-026","origin":"Dallas","destination":"Los Angeles","departureDate":"2024-10-20","arrivalDate":"2024-10-20","departureTime":"10:30","arrivalTime":"13:05","availableSeats":16,"price":205},
  {"flightId":"TXCA-027","origin":"Houston","destination":"San Francisco","departureDate":"2024-10-22","arrivalDate":"2024-10-22","departureTime":"12:40","arrivalTime":"15:15","availableSeats":12,"price":235},
  {"flightId":"CATX-006","origin":"San Francisco","destination":"Houston","departureDate":"2024-10-22","arrivalDate":"2024-10-22","departureTime":"16:30","arrivalTime":"21:00","availableSeats":10,"price":240},
  {"flightId":"TXCA-028","origin":"Austin","destination":"Sacramento","departureDate":"2024-10-25","arrivalDate":"2024-10-25","departureTime":"14:50","arrivalTime":"17:20","availableSeats":9,"price":225},
  {"flightId":"CATX-007","origin":"Sacramento","destination":"Austin","departureDate":"2024-10-25","arrivalDate":"2024-10-25","departureTime":"18:30","arrivalTime":"22:50","availableSeats":8,"price":230},
  {"flightId":"TXCA-029","origin":"San Antonio","destination":"San Francisco","departureDate":"2024-10-27","arrivalDate":"2024-10-27","departureTime":"08:15","arrivalTime":"10:50","availableSeats":14,"price":240},
  {"flightId":"TXCA-030","origin":"El Paso","destination":"San Diego","departureDate":"2024-10-29","arrivalDate":"2024-10-29","departureTime":"16:00","arrivalTime":"18:20","availableSeats":10,"price":195},
  {"flightId":"TXCA-031","origin":"Dallas","destination":"San Jose","departureDate":"2024-11-01","arrivalDate":"2024-11-01","departureTime":"07:45","arrivalTime":"10:15","availableSeats":13,"price":215},
  {"flightId":"TXCA-032","origin":"Houston","destination":"Los Angeles","departureDate":"2024-11-03","arrivalDate":"2024-11-03","departureTime":"11:30","arrivalTime":"14:00","availableSeats":9,"price":205},
  {"flightId":"TXCA-033","origin":"Austin","destination":"San Jose","departureDate":"2024-11-05","arrivalDate":"2024-11-05","departureTime":"18:20","arrivalTime":"20:50","availableSeats":12,"price":220},
  {"flightId":"TXCA-034","origin":"San Antonio","destination":"Sacramento","departureDate":"2024-11-07","arrivalDate":"2024-11-07","departureTime":"09:05","arrivalTime":"11:40","availableSeats":10,"price":230},
  {"flightId":"TXCA-035","origin":"El Paso","destination":"Los Angeles","departureDate":"2024-11-09","arrivalDate":"2024-11-09","departureTime":"13:10","arrivalTime":"15:35","availableSeats":8,"price":200},
  {"flightId":"TXCA-036","origin":"Dallas","destination":"San Diego","departureDate":"2024-11-11","arrivalDate":"2024-11-11","departureTime":"17:30","arrivalTime":"19:55","availableSeats":11,"price":210},
  {"flightId":"TXCA-037","origin":"Houston","destination":"San Jose","departureDate":"2024-11-13","arrivalDate":"2024-11-13","departureTime":"06:10","arrivalTime":"08:40","availableSeats":14,"price":225},
  {"flightId":"TXCA-038","origin":"Austin","destination":"San Francisco","departureDate":"2024-11-15","arrivalDate":"2024-11-15","departureTime":"10:00","arrivalTime":"12:35","availableSeats":9,"price":235},
  {"flightId":"CATX-008","origin":"San Francisco","destination":"Austin","departureDate":"2024-11-15","arrivalDate":"2024-11-15","departureTime":"14:00","arrivalTime":"18:20","availableSeats":7,"price":240},
  {"flightId":"TXCA-039","origin":"San Antonio","destination":"Los Angeles","departureDate":"2024-11-17","arrivalDate":"2024-11-17","departureTime":"15:20","arrivalTime":"17:45","availableSeats":7,"price":205},
  {"flightId":"CATX-009","origin":"Los Angeles","destination":"San Antonio","departureDate":"2024-11-17","arrivalDate":"2024-11-17","departureTime":"19:00","arrivalTime":"23:15","availableSeats":6,"price":210},
  {"flightId":"TXCA-040","origin":"El Paso","destination":"San Francisco","departureDate":"2024-11-19","arrivalDate":"2024-11-19","departureTime":"08:00","arrivalTime":"10:35","availableSeats":12,"price":245},
  {"flightId":"TXCA-041","origin":"Dallas","destination":"Los Angeles","departureDate":"2024-11-21","arrivalDate":"2024-11-21","departureTime":"12:20","arrivalTime":"14:50","availableSeats":15,"price":215},
  {"flightId":"TXCA-042","origin":"Houston","destination":"San Diego","departureDate":"2024-11-23","arrivalDate":"2024-11-23","departureTime":"18:40","arrivalTime":"21:05","availableSeats":10,"price":210},
  {"flightId":"TXCA-043","origin":"Austin","destination":"Los Angeles","departureDate":"2024-11-24","arrivalDate":"2024-11-24","departureTime":"07:35","arrivalTime":"10:05","availableSeats":13,"price":205},
  {"flightId":"TXCA-044","origin":"San Antonio","destination":"San Jose","departureDate":"2024-11-25","arrivalDate":"2024-11-25","departureTime":"11:50","arrivalTime":"14:20","availableSeats":11,"price":225},
  {"flightId":"TXCA-045","origin":"El Paso","destination":"Sacramento","departureDate":"2024-11-26","arrivalDate":"2024-11-26","departureTime":"16:25","arrivalTime":"18:55","availableSeats":9,"price":235},
  {"flightId":"TXCA-046","origin":"Dallas","destination":"San Francisco","departureDate":"2024-11-27","arrivalDate":"2024-11-27","departureTime":"06:50","arrivalTime":"09:25","availableSeats":8,"price":240},
  {"flightId":"TXCA-047","origin":"Houston","destination":"Los Angeles","departureDate":"2024-11-28","arrivalDate":"2024-11-28","departureTime":"14:15","arrivalTime":"16:45","availableSeats":12,"price":220},
  {"flightId":"TXCA-048","origin":"Austin","destination":"San Jose","departureDate":"2024-11-29","arrivalDate":"2024-11-29","departureTime":"09:40","arrivalTime":"12:10","availableSeats":10,"price":230},
  {"flightId":"TXCA-049","origin":"San Antonio","destination":"San Francisco","departureDate":"2024-11-30","arrivalDate":"2024-11-30","departureTime":"13:05","arrivalTime":"15:35","availableSeats":14,"price":245},
  {"flightId":"TXCA-050","origin":"El Paso","destination":"Los Angeles","departureDate":"2024-12-01","arrivalDate":"2024-12-01","departureTime":"08:30","arrivalTime":"10:55","availableSeats":9,"price":210}
]


