<?xml version="1.0" encoding="UTF-8"?>
<hotels>
  <hotel id="H001" name="Lone Star Suites" city="Dallas" rooms="25" price="120" />
  <hotel id="H002" name="Bay Breeze Inn" city="San Francisco" rooms="18" price="160" />
  <hotel id="H003" name="Capitol Stay" city="Austin" rooms="22" price="130" />
  <hotel id="H004" name="Space City Hotel" city="Houston" rooms="30" price="110" />
  <hotel id="H005" name="Riverwalk Lodge" city="San Antonio" rooms="20" price="115" />
  <hotel id="H006" name="Desert View Inn" city="El Paso" rooms="15" price="95" />
  <hotel id="H007" name="Pacific Coast Hotel" city="Los Angeles" rooms="28" price="150" />
  <hotel id="H008" name="Harbor Lights" city="San Diego" rooms="24" price="140" />
  <hotel id="H009" name="Silicon Suites" city="San Jose" rooms="26" price="145" />
  <hotel id="H010" name="Capitol Shores" city="Sacramento" rooms="19" price="125" />
  <hotel id="H011" name="Uptown Inn" city="Dallas" rooms="21" price="115" />
  <hotel id="H012" name="Golden Gate Suites" city="San Francisco" rooms="17" price="170" />
  <hotel id="H013" name="Live Music Lodge" city="Austin" rooms="23" price="135" />
  <hotel id="H014" name="Galleria Grand" city="Houston" rooms="27" price="145" />
  <hotel id="H015" name="Alamo Inn" city="San Antonio" rooms="18" price="105" />
  <hotel id="H016" name="Sunset Motel" city="El Paso" rooms="16" price="90" />
  <hotel id="H017" name="Hollywood Haven" city="Los Angeles" rooms="29" price="155" />
  <hotel id="H018" name="Seaside Suites" city="San Diego" rooms="25" price="150" />
  <hotel id="H019" name="Tech Hub Hotel" city="San Jose" rooms="22" price="140" />
  <hotel id="H020" name="River State Inn" city="Sacramento" rooms="20" price="120" />
</hotels>


